biogas,0
gas,33.7653486
methanation,87.94
pv,30
Battery,14.88756513
